"Compte :";"BE68 5390 0754 7034"
"Type :";"Compte courant"
"Periode :";"01/01/2026 - 31/12/2026"
"Devise :";"EUR"
"Date d'extraction :";"04/06/2026"

"Compte";"Date de comptabilisation";"Numero d'extrait";"Numero de transaction";"Compte contrepartie";"Nom de la contrepartie";"Rue et numero";"Code postal et localite";"Transaction";"Date valeur";"Montant";"Devise";"BIC";"Code pays";"Communication"
"BE68 5390 0754 7034";"28/01/2026";"2026/0001";"2026100001";"";"";"";"";"VOTRE ORDRE COLLECTIF BELFIUS DIRECT NET BUS. FICHIER  : DOL/20260128/CT26 GROUPE : DOL/202601/0000           REF. : 0801468D7EDCC VAL. 28-01";"28/01/2026";"-181,67";"EUR";"";"";"VOTRE ORDRE COLLECTIF BELFIUS DIRECT NET BUS. FICHIER  : DOL/20260128/CT26 GROUPE : DOL/202601/0000           REF. : 0801468D7EDCC VAL. 28-01"
"BE68 5390 0754 7034";"28/02/2026";"2026/0002";"2026100002";"";"";"";"";"VOTRE ORDRE COLLECTIF BELFIUS DIRECT NET BUS. FICHIER  : DOL/20260228/CT27 GROUPE : DOL/202602/0000           REF. : 0801913B4F16E VAL. 28-02";"28/02/2026";"-632,34";"EUR";"";"";"VOTRE ORDRE COLLECTIF BELFIUS DIRECT NET BUS. FICHIER  : DOL/20260228/CT27 GROUPE : DOL/202602/0000           REF. : 0801913B4F16E VAL. 28-02"
"BE68 5390 0754 7034";"28/03/2026";"2026/0003";"2026100003";"";"";"";"";"VOTRE ORDRE COLLECTIF BELFIUS DIRECT NET BUS. FICHIER  : DOL/20260328/CT28 GROUPE : DOL/202603/0000           REF. : 080168CC94F41 VAL. 28-03";"28/03/2026";"-601,34";"EUR";"";"";"VOTRE ORDRE COLLECTIF BELFIUS DIRECT NET BUS. FICHIER  : DOL/20260328/CT28 GROUPE : DOL/202603/0000           REF. : 080168CC94F41 VAL. 28-03"
"BE68 5390 0754 7034";"28/04/2026";"2026/0004";"2026100004";"";"";"";"";"VOTRE ORDRE COLLECTIF BELFIUS DIRECT NET BUS. FICHIER  : DOL/20260428/CT29 GROUPE : DOL/202604/0000           REF. : 080117B01017A VAL. 28-04";"28/04/2026";"-579,67";"EUR";"";"";"VOTRE ORDRE COLLECTIF BELFIUS DIRECT NET BUS. FICHIER  : DOL/20260428/CT29 GROUPE : DOL/202604/0000           REF. : 080117B01017A VAL. 28-04"
"BE68 5390 0754 7034";"28/05/2026";"2026/0005";"2026100005";"";"";"";"";"VOTRE ORDRE COLLECTIF BELFIUS DIRECT NET BUS. FICHIER  : DOL/20260528/CT30 GROUPE : DOL/202605/0000           REF. : 08014DD931DE4 VAL. 28-05";"28/05/2026";"-278,33";"EUR";"";"";"VOTRE ORDRE COLLECTIF BELFIUS DIRECT NET BUS. FICHIER  : DOL/20260528/CT30 GROUPE : DOL/202605/0000           REF. : 08014DD931DE4 VAL. 28-05"
